cod_entite,typ_entite,lib_entite,long_wgs84,lat_wgs84,x_centroid,y_centroid,cod_versio,dpt,id,nom,hdf_sociodemographie-hdf_sociodemographie_menrp,hdf_sociodemographie-hdf_sociodemographie_pop_mun
"6200100",QLM,ABLAIN SAINT NAZAIRE,2.711873727200000,50.392415194599998,626692.649249569978565,2599763.760206699836999,"2021","62","1",Projet,"740","1772"
"6200700",QLM,ACQ,2.655549775700000,50.348726621300003,622699.426700299954973,2594877.286259899847209,"2021","62","1",Projet,"288","769"
"6201100",QLM,AGNEZ LES DUISANS,2.655477221400000,50.311785854900002,622710.921145910047926,2590760.691860199905932,"2021","62","1",Projet,"267","653"
"6201200",QLM,AGNIERES,2.605119638700000,50.352947404600002,619101.668210059986450,2595334.241214800160378,"2021","62","1",Projet,"94","249"
"6201400",QLM,AIRE SUR LA LYS,2.397475698300000,50.639793009500004,604271.320629519992508,2627275.857829200103879,"2021","62","1",Projet,"4171","9871"
"6201900",QLM,AIX NOULETTE,2.712272849700000,50.423270474699997,626704.677027510013431,2603202.655905000399798,"2021","62","1",Projet,"1640","3906"
"6202300",QLM,ALLOUAGNE,2.510688435300000,50.531693242199999,612324.391514299903065,2615237.299547200091183,"2021","62","1",Projet,"1210","2925"
"6202600",QLM,AMBRICOURT,2.178062662900000,50.469289135300002,588677.031238110037521,2608279.415389299858361,"2021","62","1",Projet,"43","112"
"6202700",QLM,AMBRINES,2.467919250200000,50.310679164200003,609326.574460359988734,2590599.142570699565113,"2021","62","1",Projet,"89","239"
"6202800",QLM,AMES,2.417659669200000,50.536783349600000,605714.061451280023903,2615794.008267099503428,"2021","62","1",Projet,"256","636"
"6202900",QLM,AMETTES,2.394200618900000,50.530416230299998,604047.964058339945041,2615082.821781199891120,"2021","62","1",Projet,"182","475"
"6203000",QLM,AMPLIER,2.396214458100000,50.133883750700001,604224.214605179964565,2570893.929333099629730,"2021","62","1",Projet,"122","302"
"6203200",QLM,ANGRES,2.758919584000000,50.408151197800002,630035.129742859979160,2601534.464339500293136,"2021","62","1",Projet,"1852","4526"
"6203400",QLM,ANNEQUIN,2.725396126200000,50.506928097900001,627593.052818050025962,2612531.368637199979275,"2021","62","1",Projet,"888","2201"
"6203500",QLM,ANNEZIN,2.618097113300000,50.535995508699997,619954.106530099990778,2615738.917873899918050,"2021","62","1",Projet,"2475","5898"
"6203600",QLM,ANVIN,2.253448950100000,50.448186426100001,594037.437083649914712,2605919.088207200169563,"2021","62","1",Projet,"313","772"
"6203700",QLM,ANZIN SAINT AUBIN,2.745065306800000,50.314466909700002,629102.533905189950019,2591088.982696500141174,"2021","62","1",Projet,"1201","2742"
"6204102",QLM,ARRAS Q02,2.745076507000000,50.302042796599999,629110.517164960037917,2589704.525606600102037,"2021","62","1",Projet,"1845","4504"
"6204500",QLM,AUBIGNY EN ARTOIS,2.588336484000000,50.350747276299998,617905.749302139971405,2595085.106599799823016,"2021","62","1",Projet,"625","1459"
"6204600",QLM,AUBIN SAINT VAAST,1.972965708800000,50.395838505599997,574048.745537290000357,2600141.798189599998295,"2021","62","1",Projet,"319","759"
"6204700",QLM,AUBROMETZ,2.179087851000000,50.304846753699998,588713.088952110032551,2589952.809673700015992,"2021","62","1",Projet,"60","152"
"6204800",QLM,AUCHEL,2.469734649300000,50.508228347200003,609419.011524379951879,2612616.103439799975604,"2021","62","1",Projet,"4302","10291"
"6204900",QLM,AUCHY AU BOIS,2.370176036700000,50.552792269500003,602339.912042469950393,2617576.084109699353576,"2021","62","1",Projet,"196","504"
"6205000",QLM,AUCHY LES HESDIN,2.099973486600000,50.400465670999999,583098.693932950031012,2600622.859444799833000,"2021","62","1",Projet,"639","1571"
"6205300",QLM,AUDINCTHUN,2.135203673300000,50.578932268999999,585659.499053900013678,2620507.924499199725688,"2021","62","1",Projet,"265","664"
"6205800",QLM,AUMERVAL,2.402691822000000,50.506780929000001,604653.479365049977787,2612448.766679500229657,"2021","62","1",Projet,"77","198"
"6206000",QLM,AUXI LE CHATEAU,2.114425518900000,50.231000948000002,584074.673911330057308,2581735.448378500062972,"2021","62","1",Projet,"1182","2639"
"6206100",QLM,AVERDOINGT,2.446776367600000,50.348238975500003,607811.899969130055979,2594782.420662499964237,"2021","62","1",Projet,"110","293"
"6206300",QLM,AVESNES LE COMTE,2.528412054700000,50.277237412900000,613652.643556360038929,2586881.482607399579138,"2021","62","1",Projet,"809","1902"
"6206600",QLM,AVONDANCE,2.098441488400000,50.478391276099998,583015.945779619971290,2609308.265724599827081,"2021","62","1",Projet,"14","38"
"6206900",QLM,AZINCOURT,2.122479835100000,50.460639401199998,584720.290954879950732,2607324.744877499993891,"2021","62","1",Projet,"111","307"
"6207000",QLM,BAILLEUL AUX CORNAILLES,2.444607539000000,50.372007656599997,607653.620384690002538,2597431.042567899916321,"2021","62","1",Projet,"97","263"
"6207100",QLM,BAILLEUL LES PERNES,2.383830920200000,50.510134388399997,603312.511554419994354,2612821.601474899798632,"2021","62","1",Projet,"168","422"
"6207200",QLM,BAILLEULMONT,2.615190090600000,50.215517921400000,619873.886299890000373,2580022.854327999986708,"2021","62","1",Projet,"101","240"
"6207400",QLM,BAILLEULVAL,2.632064320800000,50.222410085999996,621077.488196079968475,2580795.186068899929523,"2021","62","1",Projet,"94","240"
"6207700",QLM,BAJUS,2.476510674100000,50.422342856699998,609917.640826159971766,2603044.346115699969232,"2021","62","1",Projet,"137","365"
"6208300",QLM,BARLIN,2.614834235600000,50.454104375500002,619754.536850600154139,2606610.385327900294214,"2021","62","1",Projet,"3292","7661"
"6208400",QLM,BARLY,2.547327453400000,50.250214100599997,615011.465198810095899,2583873.771888500079513,"2021","62","1",Projet,"91","221"
"6208500",QLM,BASSEUX,2.647100817500000,50.228657060700002,622149.683601500000805,2581495.373875500168651,"2021","62","1",Projet,"59","137"
"6208600",QLM,BAVINCOURT,2.562531668600000,50.218315565200001,616107.987677769968286,2580322.518540500197560,"2021","62","1",Projet,"141","378"
"6209000",QLM,BEALENCOURT,2.121900694800000,50.435098171500002,584671.285609300015494,2604478.165962500032037,"2021","62","1",Projet,"59","130"
"6209100",QLM,BEAUDRICOURT,2.407253601800000,50.248914582899999,605003.361051389947534,2583711.136555000208318,"2021","62","1",Projet,"39","90"
"6209200",QLM,BEAUFORT BLAVINCOURT,2.493289535700000,50.279024439399997,611144.102512920158915,2587075.071266800165176,"2021","62","1",Projet,"168","397"
"6209500",QLM,BEAUMETZ LES AIRE,2.227355384400000,50.541488830900001,592194.920340640004724,2616321.054491499904543,"2021","62","1",Projet,"94","239"
"6209700",QLM,BEAUMETZ LES LOGES,2.659847572700000,50.241762368000003,623054.825232689967379,2582959.281016599852592,"2021","62","1",Projet,"416","999"
"6210100",QLM,BEAUVOIS,2.235008725300000,50.375130894000002,592714.474454869981855,2597778.619091900065541,"2021","62","1",Projet,"55","142"
"6210900",QLM,BERGUENEUSE,2.253815205700000,50.467341903300003,594065.768969350028783,2608054.064463200047612,"2021","62","1",Projet,"93","218"
"6211100",QLM,BERLENCOURT LE CAUROY,2.425277451100000,50.274345846400003,606288.019779340131208,2586546.192144399974495,"2021","62","1",Projet,"113","275"
"6211200",QLM,BERLES AU BOIS,2.629251241100000,50.197214027199998,620886.815093060024083,2577987.083559699822217,"2021","62","1",Projet,"218","515"
"6211300",QLM,BERLES MONCHEL,2.535460700900000,50.346901003100001,614136.417547220014967,2594645.698940800037235,"2021","62","1",Projet,"175","488"
"6211400",QLM,BERMICOURT,2.229560244100000,50.409167215899998,592331.343017869978212,2601572.380129199940711,"2021","62","1",Projet,"63","165"
"6211500",QLM,BERNEVILLE,2.672057297100000,50.265245330699997,623916.199595359968953,2585579.546109099872410,"2021","62","1",Projet,"197","480"
"6211800",QLM,BETHONSART,2.549656402300000,50.376934474400002,615139.702438610023819,2597995.339912700001150,"2021","62","1",Projet,"57","147"
"6211901",QLM,BETHUNE Q01,2.638639198000000,50.531858147900003,621415.269115329952911,2615283.143626600038260,"2021","62","1",Projet,"1904","3185"
"6211902",QLM,BETHUNE Q02,2.635280079900000,50.516611296500002,621183.048629170050845,2613582.731485099997371,"2021","62","1",Projet,"2315","5258"
"6211903",QLM,BETHUNE Q03,2.634664717800000,50.524886657800003,621135.823214840027504,2614504.980992199853063,"2021","62","1",Projet,"3321","6800"
"6211904",QLM,BETHUNE Q04,2.643188742300000,50.534588551799999,621737.329176899977028,2615588.742709199897945,"2021","62","1",Projet,"3095","7071"
"6211905",QLM,BETHUNE Q05,2.650974282200000,50.522272897299999,622295.940753009985201,2614218.142690499778837,"2021","62","1",Projet,"1338","2581"
"6212000",QLM,BEUGIN,2.516440552800000,50.442551272800003,612755.737039339961484,2605302.387551200576127,"2021","62","1",Projet,"188","471"
"6212600",QLM,BEUVRY,2.684088090300000,50.523348415000001,624648.592363439965993,2614347.914624399971217,"2021","62","1",Projet,"4015","9442"
"6213700",QLM,BLANGERVAL BLANGERMONT,2.222614493000000,50.327693138400001,591823.395850760047324,2592493.327540799975395,"2021","62","1",Projet,"38","106"
"6213800",QLM,BLANGY SUR TERNOISE,2.168758567900000,50.422489179999999,588003.966545699979179,2603064.723072799853981,"2021","62","1",Projet,"318","720"
"6214100",QLM,BLESSY,2.336325371500000,50.619618633800002,599935.897408650140278,2625025.128260999917984,"2021","62","1",Projet,"328","870"
"6214200",QLM,BLINGEL,2.149846616100000,50.409993318600002,586654.013771830010228,2601675.105162000283599,"2021","62","1",Projet,"63","166"
"6214300",QLM,BOFFLES,2.201845508500000,50.254250250600002,590327.642487599980086,2584311.774771700147539,"2021","62","1",Projet,"21","50"
"6215300",QLM,BOMY,2.231103267500000,50.570952024599997,592465.592278940021060,2619604.989248299971223,"2021","62","1",Projet,"260","631"
"6215400",QLM,BONNIERES,2.264306747000000,50.243128288699999,594788.975019279983826,2583066.580937100108713,"2021","62","1",Projet,"262","674"
"6215800",QLM,BOUBERS SUR CANCHE,2.237550451300000,50.289586176699999,592883.540278480038978,2588245.430518200621009,"2021","62","1",Projet,"251","589"
"6216200",QLM,BOURECQ,2.436292584700000,50.571347340599999,607032.951594320009463,2619648.402059299871325,"2021","62","1",Projet,"237","639"
"6216300",QLM,BOURET SUR CANCHE,2.320722278500000,50.269322569000003,598821.033093529986218,2585983.051459900103509,"2021","62","1",Projet,"109","256"
"6216600",QLM,BOURS,2.408544588100000,50.454586344299997,605074.807625049958006,2606631.520014199893922,"2021","62","1",Projet,"234","617"
"6217000",QLM,BOUVIGNY BOYEFFLES,2.676149910100000,50.426133079400003,624131.213884699973278,2603510.013167200144380,"2021","62","1",Projet,"951","2403"
"6217100",QLM,BOYAVAL,2.304228361500000,50.473459635899999,597652.544598510023206,2608733.281767600215971,"2021","62","1",Projet,"50","133"
"6217500",QLM,BREVILLERS,2.016590262400000,50.346796597000001,577134.379230350023136,2594662.877005899790674,"2021","62","1",Projet,"62","158"
"6217801",QLM,BRUAY LA BUISSIERE Q01,2.563969477600000,50.493685237199998,616122.255820570047945,2611010.398858800064772,"2021","62","1",Projet,"916","2207"
"6217802",QLM,BRUAY LA BUISSIERE Q02,2.541321567800000,50.483386853200003,614514.872011750005186,2609858.118743200320750,"2021","62","1",Projet,"877","2092"
"6217803",QLM,BRUAY LA BUISSIERE Q03,2.545947919100000,50.475649563300003,614846.183379129972309,2608996.588471699971706,"2021","62","1",Projet,"2625","5356"
"6217804",QLM,BRUAY LA BUISSIERE Q04,2.559659710900000,50.485182709800000,615818.494809799944051,2610061.823839699849486,"2021","62","1",Projet,"1803","4241"
"6217805",QLM,BRUAY LA BUISSIERE Q05,2.531826466300000,50.487174269800001,613838.544983520056121,2610278.552994200028479,"2021","62","1",Projet,"1428","3698"
"6217806",QLM,BRUAY LA BUISSIERE Q06,2.554196001300000,50.473412469899998,615433.557039769948460,2608748.833667399827391,"2021","62","1",Projet,"1987","4237"
"6218000",QLM,BRIAS,2.376485357400000,50.412223469399997,602795.830170570057817,2601908.444391999859363,"2021","62","1",Projet,"109","294"
"6218200",QLM,BUIRE AU BOIS,2.151115806800000,50.264608503700003,586706.045774889993481,2585473.383251199964434,"2021","62","1",Projet,"97","230"
"6218600",QLM,BULLY LES MINES,2.722764595300000,50.445773798399998,627439.424885260057636,2605714.307942099869251,"2021","62","1",Projet,"5046","12163"
"6218700",QLM,BUNEVILLE,2.358297750900000,50.325097624199998,601503.109589979983866,2592198.329696000088006,"2021","62","1",Projet,"74","180"
"6218800",QLM,BURBURE,2.464893594800000,50.534457936599999,609070.141737979953177,2615539.240994399879128,"2021","62","1",Projet,"1209","2865"
"6219000",QLM,BUSNES,2.518872796400000,50.588273622199999,612891.318597979960032,2621545.723261000122875,"2021","62","1",Projet,"521","1290"
"6219400",QLM,CALONNE RICOUART,2.487250985000000,50.489216657800000,610668.184964239946567,2610499.250159199815243,"2021","62","1",Projet,"2270","5454"
"6219700",QLM,CAMBLAIN CHATELAIN,2.460849995800000,50.482169067000001,608792.024335499969311,2609710.452953900210559,"2021","62","1",Projet,"702","1764"
"6219800",QLM,CAMBLIGNEUL,2.616671901300000,50.379463658799999,619914.881446209968999,2598292.147772300057113,"2021","62","1",Projet,"138","337"
"6219900",QLM,CAMBLAIN L'ABBE,2.635909634500000,50.372554848699998,621288.805172029999085,2597527.245506099890918,"2021","62","1",Projet,"265","650"
"6220800",QLM,CANETTEMONT,2.364574533400000,50.278205015099999,601952.736117220018059,2586973.038396199699491,"2021","62","1",Projet,"27","70"
"6220900",QLM,CANLERS,2.144103339500000,50.482237207200001,586264.744571289978921,2609728.008370399940759,"2021","62","1",Projet,"67","159"
"6221100",QLM,CAPELLE FERMONT,2.618078956500000,50.351158285200000,620026.428292460041121,2595138.086561299860477,"2021","62","1",Projet,"77","217"
"6221200",QLM,CAPELLE LES HESDIN,1.997695778200000,50.341133780699998,575784.244906379957683,2594037.477188699878752,"2021","62","1",Projet,"185","485"
"6221300",QLM,CARENCY,2.701843638900000,50.379112510799999,625984.908800650038756,2598277.883593599777669,"2021","62","1",Projet,"289","750"
"6221600",QLM,LA CAUCHIE,2.583911093000000,50.201390272700003,617642.422129940008745,2578441.283413200173527,"2021","62","1",Projet,"88","211"
"6221700",QLM,CAUCHY A<C2><94> LA TOUR,2.451505881500000,50.505566500599997,608123.671281839953735,2612317.369562400039285,"2021","62","1",Projet,"1177","2814"
"6221800",QLM,CAUCOURT,2.572922906700000,50.400914379200003,616789.888980760006234,2600672.532208399847150,"2021","62","1",Projet,"136","346"
"6221900",QLM,CAUMONT,2.030048383200000,50.295286723499999,578071.675395529950038,2588918.995554899796844,"2021","62","1",Projet,"73","162"
"6222000",QLM,CAVRON SAINT MARTIN,2.000433919200000,50.417058231100000,576015.786945680039935,2602497.968211800325662,"2021","62","1",Projet,"179","457"
"6222100",QLM,CHELERS,2.485559287700000,50.376643329200000,610571.564869840047322,2597952.409597500227392,"2021","62","1",Projet,"105","259"
"6222200",QLM,CHERIENNES,2.037563748000000,50.313687211500003,578615.980110840057023,2590967.356359899975359,"2021","62","1",Projet,"68","155"
"6222400",QLM,CHOCQUES,2.569663764800000,50.540753327799997,616511.629026559996419,2616258.027656100224704,"2021","62","1",Projet,"1195","2881"
"6223200",QLM,LA COMTE,2.499197769200000,50.427292229800003,611531.953056839993224,2603599.057233999948949,"2021","62","1",Projet,"367","935"
"6223400",QLM,CONCHY SUR CANCHE,2.197765862800000,50.300862548799998,590045.392533840029500,2589506.310128599870950,"2021","62","1",Projet,"88","216"
"6223600",QLM,CONTES,1.960499326200000,50.409506714000003,573167.909910419955850,2601669.269066399894655,"2021","62","1",Projet,"144","331"
"6223800",QLM,CONTEVILLE EN TERNOIS,2.324974826900000,50.433126091500000,599127.607743139960803,2604237.442137000150979,"2021","62","1",Projet,"38","91"
"6224300",QLM,COULLEMONT,2.474253595600000,50.215249730499998,609797.156579199945554,2579966.370205599814653,"2021","62","1",Projet,"46","122"
"6224600",QLM,COUPELLE NEUVE,2.120283878300000,50.501486128899998,584576.612466339953244,2611877.937207099981606,"2021","62","1",Projet,"70","161"
"6224700",QLM,COUPELLE VIEILLE,2.086404229300000,50.526732227600000,582176.979463330004364,2614699.147795400116593,"2021","62","1",Projet,"228","601"
"6225300",QLM,COUTURELLE,2.500395913700000,50.208733004700001,611667.820025380002335,2579243.838863899931312,"2021","62","1",Projet,"30","65"
"6225400",QLM,COYECQUES,2.183026886400000,50.602178948000002,589059.243014820036478,2623091.688326799776405,"2021","62","1",Projet,"249","606"
"6225600",QLM,CREPY,2.200406246000000,50.474427872500002,590267.529907420044765,2608849.178757899906486,"2021","62","1",Projet,"65","149"
"6225700",QLM,CREQUY,2.050501959400000,50.498257071799998,579614.281931009958498,2611533.915089999791235,"2021","62","1",Projet,"207","485"
"6225800",QLM,CROISETTE,2.260418275300000,50.353242565099997,594523.096866699983366,2595337.257912899833173,"2021","62","1",Projet,"114","278"
"6226000",QLM,CROIX EN TERNOIS,2.280074733900000,50.382874786099997,595927.076750769861974,2598638.381130199879408,"2021","62","1",Projet,"111","322"
"6226300",QLM,DAINVILLE,2.728056198700000,50.283767931800000,627905.811598600004800,2587661.960567799862474,"2021","62","1",Projet,"2263","5646"
"6226500",QLM,DELETTES,2.215354036400000,50.625287023500000,591356.868770670029335,2625663.749717399943620,"2021","62","1",Projet,"439","1178"
"6226600",QLM,DENIER,2.443781446800000,50.287859498099998,607607.451336789992638,2588053.667026699986309,"2021","62","1",Projet,"30","86"
"6226700",QLM,DENNEBROEUCQ,2.156423929400000,50.577631233699996,587165.453213940025307,2620359.223924700170755,"2021","62","1",Projet,"145","389"
"6226900",QLM,DIEVAL,2.448608402400000,50.435201399199997,607928.809989199973643,2604474.291555199772120,"2021","62","1",Projet,"298","750"
"6227000",QLM,DIVION,2.506262328500000,50.472823602399998,612024.026044919970445,2608674.826743999961764,"2021","62","1",Projet,"2905","6978"
"6227100",QLM,DOHEM,2.176859237800000,50.632005802000002,588628.429203900042921,2626417.675938600208610,"2021","62","1",Projet,"298","828"
"6227800",QLM,DROUVIN LE MARAIS,2.628104647300000,50.494394227199997,620682.243843300035223,2611104.439879199955612,"2021","62","1",Projet,"224","594"
"6227900",QLM,DUISANS,2.697598563900000,50.305563295500001,625719.957488809945062,2590080.264794299844652,"2021","62","1",Projet,"527","1309"
"6228200",QLM,ECLIMEUX,2.179430728600000,50.397993929800002,588758.401179549982771,2600333.164374200627208,"2021","62","1",Projet,"69","176"
"6228300",QLM,ECOIVRES,2.287878248600000,50.323010455700000,596478.979702280019410,2591966.645491600036621,"2021","62","1",Projet,"45","131"
"6228600",QLM,ECQUEDECQUES,2.447453099200000,50.561336368299997,607826.850520740030333,2618533.505522300023586,"2021","62","1",Projet,"203","513"
"6229500",QLM,ENQUIN LEZ GUINEGATTE,2.288345030600000,50.593014788200001,596530.999792949995026,2622060.435182699467987,"2021","62","1",Projet,"622","1616"
"6229900",QLM,EPS,2.298487115400000,50.454341751699999,597243.100672899978235,2606602.635834599845111,"2021","62","1",Projet,"99","250"
"6230100",QLM,EQUIRRE,2.235407076500000,50.472727537399997,592756.957249530008994,2608655.881638700608164,"2021","62","1",Projet,"31","76"
"6230300",QLM,ERIN,2.209531038700000,50.438651827100003,590910.114475789945573,2604860.620336499996483,"2021","62","1",Projet,"78","234"
"6230400",QLM,ERNY SAINT JULIEN,2.255264445900000,50.584813803599999,594182.525729550048709,2621148.173620000015944,"2021","62","1",Projet,"131","325"
"6231000",QLM,ESSARS,2.661445885200000,50.548034986300003,623028.243712530005723,2617092.792406599968672,"2021","62","1",Projet,"728","1725"
"6231300",QLM,ESTREE BLANCHE,2.323627398300000,50.590267011999998,599034.714819699875079,2621753.126637400127947,"2021","62","1",Projet,"384","951"
"6231400",QLM,ESTREE CAUCHY,2.608697750000000,50.399127315999998,619339.025619709980674,2600481.590565699618310,"2021","62","1",Projet,"142","373"
"6231600",QLM,ESTREE WAMIN,2.398906080600000,50.271551185800000,604404.937745630159043,2586232.989695399999619,"2021","62","1",Projet,"74","172"
"6232000",QLM,ETRUN,2.699517032100000,50.314170300699999,625852.458774380036630,2591040.006858299952000,"2021","62","1",Projet,"132","314"
"6232200",QLM,FAMECHON,2.467232224000000,50.142067527999998,609308.619979719980620,2571811.806577799841762,"2021","62","1",Projet,"50","120"
"6232500",QLM,FAUQUEMBERGUES,2.095862608300000,50.599055671099997,582873.824743560049683,2622759.075035099871457,"2021","62","1",Projet,"414","984"
"6232700",QLM,FEBVIN PALFART,2.301449940000000,50.534440062599998,597458.000531570054591,2615530.461043300107121,"2021","62","1",Projet,"225","600"
"6232800",QLM,FERFAY,2.429608404700000,50.522611485600002,606564.797314479947090,2614215.241830300074071,"2021","62","1",Projet,"358","912"
"6233300",QLM,FIEFS,2.326359988900000,50.501858540800001,599227.277470250031911,2611898.215229399967939,"2021","62","1",Projet,"143","385"
"6233500",QLM,FILLIEVRES,2.160281867500000,50.317908006499998,587374.141320960014127,2591411.152447800152004,"2021","62","1",Projet,"244","509"
"6233600",QLM,FLECHIN,2.287116805300000,50.561984340199999,596441.634931399952620,2618601.382698100060225,"2021","62","1",Projet,"195","479"
"6233700",QLM,FLERS,2.255249080100000,50.321263095500001,594150.797000009915791,2591773.870138000231236,"2021","62","1",Projet,"90","225"
"6233900",QLM,FLEURY,2.254853806600000,50.421911625600004,594134.350293679977767,2602990.571215000003576,"2021","62","1",Projet,"45","122"
"6234000",QLM,FLORINGHEM,2.428224988900000,50.497434749200004,606469.735861250082962,2611408.818361199926585,"2021","62","1",Projet,"334","898"
"6234200",QLM,FONTAINE LES BOULANS,2.275839739400000,50.497126593799997,595635.229590220027603,2611372.430030600167811,"2021","62","1",Projet,"36","100"
"6234400",QLM,FONTAINE LES HERMANS,2.348114247700000,50.525576439699996,600773.486965910065919,2614541.930678800214082,"2021","62","1",Projet,"42","108"
"6234500",QLM,FONTAINE L'ETALON,2.063278665700000,50.305390833399997,580447.757582769962028,2590036.158344999887049,"2021","62","1",Projet,"45","102"
"6234600",QLM,FORTEL EN ARTOIS,2.226031519000000,50.259758705800003,592056.456238319980912,2584922.857851299922913,"2021","62","1",Projet,"76","211"
"6234700",QLM,FOSSEUX,2.563235768700000,50.255727905999997,616146.340321019990370,2584491.309917199891061,"2021","62","1",Projet,"59","136"
"6234800",QLM,FOUFFLIN RICAMETZ,2.385763524200000,50.349177595900002,603460.960793190053664,2594882.645793499890715,"2021","62","1",Projet,"63","160"
"6234900",QLM,FOUQUEREUIL,2.604400816400000,50.520823566899999,618986.813233040040359,2614044.361439799889922,"2021","62","1",Projet,"617","1570"
"6235000",QLM,FOUQUIERES LES BETHUNE,2.616287873800000,50.515388345600002,619833.726048780023120,2613441.460215200204402,"2021","62","1",Projet,"470","1060"
"6235200",QLM,FRAMECOURT,2.305592431400000,50.330025322200001,597743.140999160008505,2592747.713612100109458,"2021","62","1",Projet,"39","105"
"6235600",QLM,FRESNICOURT LE DOLMEN,2.607290351300000,50.423940193000000,619229.263228190015070,2603246.619890099857002,"2021","62","1",Projet,"314","772"
"6235700",QLM,FRESNOY,2.129515118400000,50.368377086300001,585193.685593890026212,2597040.774447400122881,"2021","62","1",Projet,"28","69"
"6235900",QLM,FRESSIN,2.054974326700000,50.447966708199999,579912.127533909981139,2605927.490495999809355,"2021","62","1",Projet,"212","575"
"6236100",QLM,FREVENT,2.287472118600000,50.276863577800000,596446.748341819969937,2586824.346323999576271,"2021","62","1",Projet,"1466","3570"
"6236200",QLM,FREVILLERS,2.520043944900000,50.398831637999997,613023.548740920028649,2600430.386554399970919,"2021","62","1",Projet,"84","239"
"6236300",QLM,FREVIN CAPELLE,2.633863666100000,50.349945264900001,621152.486376499990001,2595007.042235000059009,"2021","62","1",Projet,"162","380"
"6236400",QLM,FRUGES,2.131562307700000,50.514541035100002,585382.240636139991693,2613330.930376399774104,"2021","62","1",Projet,"1003","2371"
"6236500",QLM,GALAMETZ,2.137978535600000,50.328695065100000,585785.764821249991655,2592617.035196399781853,"2021","62","1",Projet,"80","199"
"6236600",QLM,GAUCHIN LEGAL,2.581071999800000,50.414180782499997,617365.809314860031009,2602152.826667199842632,"2021","62","1",Projet,"130","321"
"6236700",QLM,GAUCHIN VERLOINGT,2.323012085700000,50.389111244500000,598986.991962019936182,2599332.020898600108922,"2021","62","1",Projet,"258","838"
"6236800",QLM,GAUDIEMPRE,2.530439307100000,50.178220335799999,613824.533081250032410,2575849.035426899790764,"2021","62","1",Projet,"78","199"
"6237000",QLM,GENNES IVERGNY,2.050509112700000,50.264581631600002,579519.791517270030454,2585492.004564399830997,"2021","62","1",Projet,"52","128"
"6237200",QLM,GIVENCHY LE NOBLE,2.495774031300000,50.302288924700001,611316.288128269952722,2589667.838552000001073,"2021","62","1",Projet,"60","150"
"6237600",QLM,GONNEHEM,2.572432848000000,50.562515734000002,616701.078510920051485,2618684.472824399825186,"2021","62","1",Projet,"977","2536"
"6237700",QLM,GOSNAY,2.586311721600000,50.507523333999998,617705.996713140048087,2612557.635876100044698,"2021","62","1",Projet,"395","951"
"6237800",QLM,GOUVES,2.636047230500000,50.299357636600000,621329.623979210038669,2589370.326387600041926,"2021","62","1",Projet,"82","197"
"6237900",QLM,GOUY EN ARTOIS,2.594818810700000,50.246915205999997,618405.903363969991915,2583516.285216600168496,"2021","62","1",Projet,"149","330"
"6238000",QLM,GOUY SERVINS,2.648876664900000,50.402626296100003,622199.752643689978868,2600882.160344799980521,"2021","62","1",Projet,"130","344"
"6238100",QLM,GOUY EN TERNOIS,2.411555632600000,50.319817023600002,605303.276791119948030,2591612.181798100005835,"2021","62","1",Projet,"58","133"
"6238500",QLM,GRAND RULLECOURT,2.474867361200000,50.254969903400003,609833.290100089972839,2584392.243375699967146,"2021","62","1",Projet,"166","410"
"6238600",QLM,GRENAY,2.745164494500000,50.450325137400000,629031.029460259946063,2606229.618720599915832,"2021","62","1",Projet,"2708","6932"
"6238800",QLM,GRIGNY,2.064177722600000,50.386028317700003,580543.142592930002138,2599022.145053800195456,"2021","62","1",Projet,"125","296"
"6238900",QLM,GRINCOURT LES PAS,2.496947362200000,50.169519315199999,611430.097784569952637,2574874.223677999805659,"2021","62","1",Projet,"16","30"
"6239100",QLM,GUARBECQUE,2.489174102900000,50.610738611300000,610778.752359239966609,2624045.597957700025290,"2021","62","1",Projet,"603","1425"
"6239500",QLM,GUIGNY,2.000783792800000,50.330648869100003,575999.481378430034965,2592868.114195299800485,"2021","62","1",Projet,"58","139"
"6239600",QLM,GUINECOURT,2.224870301100000,50.348666353399999,591987.666110459947959,2594830.330926700029522,"2021","62","1",Projet,"9","17"
"6239800",QLM,GUISY,2.003587890100000,50.387214323899997,576226.270753270015121,2599170.982728499919176,"2021","62","1",Projet,"117","270"
"6239900",QLM,HABARCQ,2.612251354200000,50.305773877999997,619628.580518290051259,2590079.109592899680138,"2021","62","1",Projet,"266","676"
"6240000",QLM,HAILLICOURT,2.574122873100000,50.472882628999997,616851.194162460044026,2608693.870957000181079,"2021","62","1",Projet,"2033","4886"
"6240400",QLM,HALLOY,2.424923563000000,50.157795523300003,606277.235790280043148,2573559.909778600092977,"2021","62","1",Projet,"92","217"
"6240700",QLM,HAM EN ARTOIS,2.459053034900000,50.590874718899997,608645.441807840019464,2621827.488250600174069,"2021","62","1",Projet,"412","992"
"6241100",QLM,HARAVESNES,2.129798723300000,50.287518120000001,585190.121154580032453,2588030.012564599979669,"2021","62","1",Projet,"18","50"
"6241500",QLM,HAUTE AVESNES,2.640455968800000,50.328370874400001,621631.844966380042024,2592604.618283099960536,"2021","62","1",Projet,"174","445"
"6241600",QLM,HAUTECLOQUE,2.313121677400000,50.335277942200001,598280.431764830020256,2593332.866670200135559,"2021","62","1",Projet,"84","218"
"6241800",QLM,HAUTEVILLE,2.573749838200000,50.273307842299999,616891.588368059950881,2586452.420667300000787,"2021","62","1",Projet,"128","316"
"6243000",QLM,HENU,2.526347372600000,50.154515474999997,613538.103158259997144,2573207.253087399993092,"2021","62","1",Projet,"58","164"
"6243300",QLM,HERICOURT,2.254124329300000,50.345563822499997,594073.410411230055615,2594481.989655499812216,"2021","62","1",Projet,"36","95"
"6243400",QLM,LA HERLIERE,2.558332256300000,50.206502105799999,615811.454529509996064,2579005.398932000156492,"2021","62","1",Projet,"56","149"
"6243500",QLM,HERLINCOURT,2.300328308400000,50.345383271999999,597368.419600359979086,2594459.353619200177491,"2021","62","1",Projet,"40","104"
"6243600",QLM,HERLIN LE SEC,2.329082780500000,50.356602860899997,599419.170969840022735,2595709.088587900158018,"2021","62","1",Projet,"66","171"
"6243800",QLM,HERMAVILLE,2.584453931600000,50.321894675899998,617639.009889430017211,2591868.942051300313324,"2021","62","1",Projet,"212","540"
"6244100",QLM,HERMIN,2.558849587700000,50.418417136199999,615781.863963649957441,2602620.282492999918759,"2021","62","1",Projet,"84","213"
"6244200",QLM,HERNICOURT,2.299907237000000,50.421309503600000,597342.408900890033692,2602921.021147899795324,"2021","62","1",Projet,"208","567"
"6244300",QLM,HERSIN COUPIGNY,2.652527381300000,50.447543090899998,622439.722898270003498,2605889.215972200036049,"2021","62","1",Projet,"2494","6245"
"6244500",QLM,HESDIGNEUL LES BETHUNE,2.590461062700000,50.501129385500001,618003.247185109998100,2611845.889701200183481,"2021","62","1",Projet,"344","822"
"6244700",QLM,HESDIN,2.038551924200000,50.374021187700002,578712.045651910011657,2597690.658522800542414,"2021","62","1",Projet,"1075","2225"
"6244900",QLM,HESMOND,1.949580135600000,50.457446131200001,572416.562718849978410,2607015.980417299550027,"2021","62","1",Projet,"68","165"
"6245000",QLM,HESTRUS,2.331167773700000,50.449313336199999,599568.625681439996697,2606041.527124200481921,"2021","62","1",Projet,"98","243"
"6245100",QLM,HEUCHIN,2.269052080300000,50.476476270399999,595150.632603480014950,2609071.123807999771088,"2021","62","1",Projet,"223","529"
"6245300",QLM,HEZECQUES,2.177376216100000,50.532255733200003,588642.472133670002222,2615297.949197299778461,"2021","62","1",Projet,"45","122"
"6245400",QLM,HINGES,2.626481646300000,50.568432631900002,620536.471794579876587,2619356.845762600190938,"2021","62","1",Projet,"1002","2452"
"6245600",QLM,HOUCHIN,2.621081443200000,50.483225742999998,620187.367840499966405,2609857.768933000043035,"2021","62","1",Projet,"296","718"
"6245700",QLM,HOUDAIN,2.543633980600000,50.457184493900002,614686.997756749973632,2606938.082580699585378,"2021","62","1",Projet,"3047","7246"
"6245900",QLM,HOUVIN HOUVIGNEUL,2.379628103000000,50.296795685100001,603026.595866539981216,2589045.109727799892426,"2021","62","1",Projet,"97","232"
"6246100",QLM,HUBY SAINT LEU,2.035856644600000,50.382660739899997,578523.634758349973708,2598654.219587400089949,"2021","62","1",Projet,"365","886"
"6246200",QLM,HUCLIER,2.355420054400000,50.429437467699998,601295.113008850021288,2603826.416792499832809,"2021","62","1",Projet,"46","137"
"6246500",QLM,HUMBERCAMPS,2.574064826600000,50.185439377700000,616943.585284049971960,2576661.896444100420922,"2021","62","1",Projet,"95","218"
"6246700",QLM,HUMEROEUILLE,2.211793954000000,50.404923707099996,591065.195487090037204,2601101.321600299794227,"2021","62","1",Projet,"74","176"
"6246800",QLM,HUMIERES,2.207827097300000,50.388541030200003,590779.628858170006424,2599275.970958900172263,"2021","62","1",Projet,"102","229"
"6247000",QLM,INCOURT,2.151192005700000,50.389882465699998,586744.531514600035734,2599433.566682900302112,"2021","62","1",Projet,"37","86"
"6247300",QLM,ISBERGUES,2.460871386600000,50.615988708899998,608770.080049509997480,2624627.358955800067633,"2021","62","1",Projet,"3870","8845"
"6247500",QLM,IVERGNY,2.392388905000000,50.238570018799997,603942.063133300049230,2582557.639898699708283,"2021","62","1",Projet,"94","259"
"6247700",QLM,IZEL LES HAMEAU,2.535595298300000,50.314511571300002,614155.125436980044469,2591036.317265099845827,"2021","62","1",Projet,"283","727"
"6247900",QLM,LABEUVRIERE,2.564917983700000,50.520460822600000,616181.052966749994084,2613995.094929100014269,"2021","62","1",Projet,"667","1645"
"6248000",QLM,LABOURSE,2.681563601200000,50.498908851800003,624481.131785430014133,2611623.005837899632752,"2021","62","1",Projet,"1023","2847"
"6248100",QLM,LABROYE,1.989016353200000,50.279123134899997,575134.612474889960140,2587130.085811300203204,"2021","62","1",Projet,"71","165"
"6248500",QLM,LAIRES,2.255040518200000,50.540085486300001,594161.418670739978552,2616162.222201500087976,"2021","62","1",Projet,"130","364"
"6248600",QLM,LAMBRES,2.400887837300000,50.619066836700000,604515.103675459977239,2624965.441407099831849,"2021","62","1",Projet,"433","1061"
"6248900",QLM,LAPUGNOY,2.534447936600000,50.514736851599999,614017.258430539979599,2613351.218100999947637,"2021","62","1",Projet,"1479","3459"
"6249000",QLM,LATTRE SAINT QUENTIN,2.579956370100000,50.288689360600003,617329.545558189973235,2588167.742310099769384,"2021","62","1",Projet,"105","267"
"6249200",QLM,LEBIEZ,1.979914580300000,50.465928225900001,574579.313601489993744,2607951.132286699488759,"2021","62","1",Projet,"94","250"
"6250000",QLM,LESPESSES,2.422864955800000,50.556716531100001,606081.442005299963057,2618016.348739500157535,"2021","62","1",Projet,"174","405"
"6250700",QLM,LIENCOURT,2.451138305700000,50.272275748500000,608135.221017700037919,2586317.894247599877417,"2021","62","1",Projet,"112","291"
"6250800",QLM,LIERES,2.415493836800000,50.550966612600000,605558.618977449950762,2617374.853854800108820,"2021","62","1",Projet,"142","380"
"6250900",QLM,LIETTRES,2.341772877400000,50.595416852400000,600322.423136999947019,2622327.141111300326884,"2021","62","1",Projet,"112","327"
"6251006",QLM,LIEVIN Q06,2.755868569700000,50.427752773199998,629806.185793629963882,2603717.882434600032866,"2021","62","1",Projet,"2135","5564"
"6251100",QLM,LIGNEREUIL,2.471559642100000,50.290145568299998,609590.277933559962548,2588311.447494199965149,"2021","62","1",Projet,"58","137"
"6251200",QLM,LIGNY LES AIRE,2.345258572300000,50.560371916699999,600570.168243019958027,2618420.537137100007385,"2021","62","1",Projet,"236","598"
"6251300",QLM,LIGNY SUR CANCHE,2.264126936200000,50.282224831900002,594780.177594859967940,2587423.057996300049126,"2021","62","1",Projet,"89","194"
"6251400",QLM,LIGNY SAINT FLOCHEL,2.427571790600000,50.359781739799999,606440.928080489975400,2596067.021023000124842,"2021","62","1",Projet,"102","258"
"6251600",QLM,LILLERS,2.479336553500000,50.561386796100003,610090.838606950012036,2618542.760972699616104,"2021","62","1",Projet,"4197","9931"
"6251700",QLM,LINGHEM,2.372501885500000,50.595090899399999,602502.979558189981617,2622291.357045200187713,"2021","62","1",Projet,"87","205"
"6251800",QLM,LINZEUX,2.202670264600000,50.341945833200000,590403.296187900006771,2594083.882441400084645,"2021","62","1",Projet,"59","153"
"6251900",QLM,LISBOURG,2.217518218300000,50.507233626800002,591490.304703579982743,2612503.768735100049525,"2021","62","1",Projet,"240","591"
"6252100",QLM,LA LOGE,2.033706278100000,50.408979787800000,578381.723470760043710,2601587.980489200446755,"2021","62","1",Projet,"88","201"
"6253200",QLM,LOZINGHEM,2.497326118400000,50.517256016300003,611378.269668519962579,2613626.019791100174189,"2021","62","1",Projet,"457","1262"
"6253300",QLM,LUGY,2.173466447800000,50.523520204400000,588362.655298370053060,2614324.798948800191283,"2021","62","1",Projet,"55","147"
"6253600",QLM,MAGNICOURT EN COMTE,2.487206404700000,50.406106936599997,610682.689980639959686,2601236.253832899965346,"2021","62","1",Projet,"253","649"
"6253700",QLM,MAGNICOURT SUR CANCHE,2.409913649300000,50.302057111899998,605187.949643149971962,2589632.992174699902534,"2021","62","1",Projet,"45","117"
"6253900",QLM,MAISNIL,2.360929078900000,50.348426084099998,601690.054229340050370,2594798.083013100083917,"2021","62","1",Projet,"98","242"
"6254000",QLM,MAISNIL LES RUITZ,2.585194664900000,50.453162568400003,617645.706478119944222,2606498.363989999517798,"2021","62","1",Projet,"627","1680"
"6254100",QLM,MAISONCELLE,2.144354723300000,50.447820286999999,586273.209820759948343,2605891.944521800149232,"2021","62","1",Projet,"48","125"
"6254200",QLM,MAIZIERES,2.447355209400000,50.323336491299997,607857.065880359965377,2592007.376896500121802,"2021","62","1",Projet,"75","193"
"6254300",QLM,MAMETZ,2.317591455900000,50.633433861100002,598607.560679469956085,2626565.453246800228953,"2021","62","1",Projet,"843","1997"
"6254400",QLM,MANIN,2.510793005100000,50.297156621399999,612389.542689129943028,2589098.193240399938077,"2021","62","1",Projet,"72","185"
"6254900",QLM,MARCONNE,2.045356794400000,50.372005424999998,579196.220246940036304,2597464.192897799890488,"2021","62","1",Projet,"510","1093"
"6255000",QLM,MARCONNELLE,2.013750309500000,50.375210207199999,576944.887615490006283,2597830.163308899849653,"2021","62","1",Projet,"512","1134"
"6255200",QLM,MARESQUEL ECQUEMICOURT,1.935294256900000,50.406858757899997,571371.217845050035976,2601383.052353099919856,"2021","62","1",Projet,"449","986"
"6255300",QLM,MAREST,2.413203384500000,50.468175812600002,605404.863550900015980,2608146.473730400204659,"2021","62","1",Projet,"117","285"
"6255500",QLM,MARLES LES MINES,2.501143333700000,50.503576843600001,611652.742838319973089,2612101.840252799913287,"2021","62","1",Projet,"2383","5579"
"6255700",QLM,MAROEUIL,2.707732175400000,50.324152881800003,626433.434154839953408,2592155.150793799664825,"2021","62","1",Projet,"1044","2464"
"6255800",QLM,MARQUAY,2.420952493700000,50.380944835900003,605966.496828039991669,2598424.993761800695211,"2021","62","1",Projet,"65","179"
"6256200",QLM,MATRINGHEM,2.164357601900000,50.545421515400001,587720.730833970010281,2616767.477023100014776,"2021","62","1",Projet,"87","185"
"6256300",QLM,MAZINGARBE,2.725200075400000,50.468568973099998,627600.221089959959500,2608255.801580199971795,"2021","62","1",Projet,"3190","8053"
"6256400",QLM,MAZINGHEM,2.417355871400000,50.602006394699998,605685.066605330095626,2623064.617830900009722,"2021","62","1",Projet,"177","474"
"6256500",QLM,MENCAS,2.145810801300000,50.558257385700003,586406.817019650014117,2618201.349688599817455,"2021","62","1",Projet,"35","77"
"6257400",QLM,MINGOVAL,2.573189744000000,50.373754262100000,616817.984391059959307,2597645.708253200165927,"2021","62","1",Projet,"82","230"
"6257600",QLM,MONCHEAUX LES FREVENT,2.366830944400000,50.314681861300002,602112.335843699984252,2591037.829129999969155,"2021","62","1",Projet,"53","139"
"6257700",QLM,MONCHEL SUR CANCHE,2.205492903300000,50.301785185400000,590597.104783460032195,2589608.171469699591398,"2021","62","1",Projet,"30","90"
"6257800",QLM,MONCHIET,2.628454982100000,50.239949391099998,620812.220019849948585,2582748.510571700055152,"2021","62","1",Projet,"39","96"
"6258000",QLM,MONCHY BRETON,2.439352764800000,50.399764906700000,607275.056139069958590,2600523.977831200230867,"2021","62","1",Projet,"173","476"
"6258100",QLM,MONCHY CAYEUX,2.280499434300000,50.435529560100001,595961.577209290000610,2604506.705745799932629,"2021","62","1",Projet,"120","300"
"6258300",QLM,MONDICOURT,2.461373735900000,50.174396840800000,608883.445334900054149,2575413.059277500025928,"2021","62","1",Projet,"241","592"
"6258400",QLM,MONT BERNANCHON,2.594786397800000,50.589995057199999,618278.290960220037960,2621752.674396200105548,"2021","62","1",Projet,"530","1359"
"6258600",QLM,MONTENESCOURT,2.626986996100000,50.293597251100003,620685.274104550015181,2588726.010947899892926,"2021","62","1",Projet,"186","460"
"6258900",QLM,MONT SAINT ELOI,2.685963846300000,50.347264908600003,624868.961690220050514,2594723.596997399814427,"2021","62","1",Projet,"415","1023"
"6259000",QLM,MONTS EN TERNOIS,2.384274577400000,50.322100608400000,603356.590846360079013,2591865.154041199944913,"2021","62","1",Projet,"24","63"
"6259600",QLM,MOURIEZ,1.950861088500000,50.342728181399998,572444.861284279963002,2594230.579330699983984,"2021","62","1",Projet,"105","249"
"6260000",QLM,NEDON,2.370444355300000,50.524841595600002,602360.284883320098743,2614460.465178099926561,"2021","62","1",Projet,"63","153"
"6260100",QLM,NEDONCHEL,2.358058212000000,50.524594948900003,601480.127777760033496,2614432.669704900123179,"2021","62","1",Projet,"71","282"
"6260500",QLM,NEULETTE,2.165553351700000,50.382720020800001,587766.056984320050105,2598633.013143300078809,"2021","62","1",Projet,"11","28"
"6260700",QLM,NEUVILLE AU CORNET,2.367039276000000,50.336070900899998,602126.298045350005850,2593421.372576999943703,"2021","62","1",Projet,"30","71"
"6260900",QLM,NEUVILLE SAINT VAAST,2.757704924700000,50.355862060100002,629979.790278539992869,2595706.693538499996066,"2021","62","1",Projet,"654","1526"
"6261600",QLM,NOEUX LES AUXI,2.174754391000000,50.235691938000002,588387.871120059979148,2582247.568928900174797,"2021","62","1",Projet,"67","179"
"6261700",QLM,NOEUX LES MINES,2.667090702400000,50.475227463499998,623463.236461989930831,2608979.064724199939519,"2021","62","1",Projet,"5215","12074"
"6262000",QLM,NORRENT FONTES,2.410725882600000,50.590080191500000,605215.905882099992596,2621734.655678499955684,"2021","62","1",Projet,"597","1398"
"6262500",QLM,NOYELLES LES HUMIERES,2.175476892600000,50.373896681300003,588471.202603109995835,2597648.198276999872178,"2021","62","1",Projet,"21","53"
"6262600",QLM,NOYELLES LES VERMELLES,2.727681538000000,50.488935617499997,627765.473790750023909,2610526.709021499846131,"2021","62","1",Projet,"900","2401"
"6262900",QLM,NOYELLETTE,2.595040266400000,50.299636674100000,618402.457516539958306,2589391.055701099801809,"2021","62","1",Projet,"72","173"
"6263000",QLM,NOYELLE VION,2.549961542500000,50.292258685999997,615186.989374640048482,2588559.274555800016969,"2021","62","1",Projet,"113","294"
"6263100",QLM,NUNCQ HAUTECOTE,2.286407814900000,50.305527928399997,596372.809586130082607,2590018.533948399592191,"2021","62","1",Projet,"168","476"
"6263200",QLM,OBLINGHEM,2.597029451400000,50.549841699200002,618452.270267919986509,2617277.187891299836338,"2021","62","1",Projet,"144","379"
"6263300",QLM,OEUF EN TERNOIS,2.215253144900000,50.359820863600000,591303.794362089945935,2596074.427169899921864,"2021","62","1",Projet,"103","249"
"6263500",QLM,OFFIN,1.943271466700000,50.444991429700003,571960.710948979947716,2605630.082695099990815,"2021","62","1",Projet,"94","207"
"6264000",QLM,ORVILLE,2.411635388300000,50.133140680799997,605328.658149809925817,2570812.080678599886596,"2021","62","1",Projet,"146","402"
"6264100",QLM,OSTREVILLE,2.395734678900000,50.395088667700001,604168.190210249973461,2599999.646459300071001,"2021","62","1",Projet,"106","239"
"6264200",QLM,OURTON,2.478494902200000,50.455210240900001,610052.345180719974451,2606707.788479099981487,"2021","62","1",Projet,"303","769"
"6264700",QLM,LE PARCQ,2.095999360200000,50.382546351999999,582809.462028810055926,2598626.677869800012559,"2021","62","1",Projet,"333","776"
"6264900",QLM,PAS EN ARTOIS,2.488592962000000,50.156329662600001,610835.052925470168702,2573403.523897999897599,"2021","62","1",Projet,"332","762"
"6265100",QLM,PENIN,2.485400534000000,50.326838625900002,610570.713667890056968,2592402.104800399858505,"2021","62","1",Projet,"180","474"
"6265200",QLM,PERNES,2.412147274500000,50.484537160099997,605327.992872560047545,2609970.026805600151420,"2021","62","1",Projet,"656","1686"
"6265500",QLM,PIERREMONT,2.259750142200000,50.398684506700000,594480.448633169988170,2600401.563573299907148,"2021","62","1",Projet,"114","292"
"6265900",QLM,PLANQUES,2.083734241400000,50.463765855399998,581964.621602219995111,2607681.420937200076878,"2021","62","1",Projet,"35","81"
"6266100",QLM,BOUIN PLUMOISON,1.991865927900000,50.382387300799998,575388.659635690040886,2598636.643659700173885,"2021","62","1",Projet,"206","494"
"6266300",QLM,POMMERA,2.439399030800000,50.170817328100000,607311.515020449995063,2575011.981185700278729,"2021","62","1",Projet,"116","306"
"6266400",QLM,POMMIER,2.599604577300000,50.183770257299997,618771.352443519979715,2576481.730675999540836,"2021","62","1",Projet,"86","232"
"6266500",QLM,LE PONCHEL,2.074936923000000,50.256069356200001,581261.480490820016712,2584537.409117000177503,"2021","62","1",Projet,"101","207"
"6266800",QLM,PREDEFIN,2.256111172400000,50.503295702700001,594233.244338480057195,2612061.328434799797833,"2021","62","1",Projet,"80","190"
"6266900",QLM,PRESSY,2.401307332400000,50.476257139200001,604557.835240180022083,2609046.454299599863589,"2021","62","1",Projet,"130","317"
"6267600",QLM,QUERNES,2.365377465000000,50.604545001399998,601997.047721559996717,2623345.077900399919599,"2021","62","1",Projet,"175","458"
"6267700",QLM,LE QUESNOY EN ARTOIS,2.042936061900000,50.334291026000002,579007.941670389962383,2593261.922238499857485,"2021","62","1",Projet,"140","347"
"6268300",QLM,QUOEUX HAUT MAINIL,2.111277523200000,50.300213137299998,583871.836182400002144,2589448.294433400500566,"2021","62","1",Projet,"110","257"
"6268500",QLM,RADINGHEM,2.121958310000000,50.552089054600003,584711.102009780006483,2617518.142898200079799,"2021","62","1",Projet,"98","275"
"6268600",QLM,RAMECOURT,2.313955994200000,50.370575948899997,598341.107685790047981,2597266.504921599756926,"2021","62","1",Projet,"138","382"
"6269000",QLM,RAYE SUR AUTHIE,1.949329443700000,50.298290435500000,572311.188734950032085,2589279.183671399950981,"2021","62","1",Projet,"96","250"
"6269100",QLM,SAINT AUGUSTIN,2.294764275200000,50.647858483299999,596989.836504459846765,2628174.212018100079149,"2021","62","1",Projet,"306","805"
"6269300",QLM,REBREUVE RANCHICOURT,2.555666390100000,50.437789719900003,615549.184604979935102,2604778.757941999472678,"2021","62","1",Projet,"445","1074"
"6269400",QLM,REBREUVE SUR CANCHE,2.342506530900000,50.268773359500003,600376.927807610016316,2585921.742260199971497,"2021","62","1",Projet,"85","194"
"6269500",QLM,REBREUVIETTE,2.364481659500000,50.263196358599998,601946.683854409959167,2585300.627967000007629,"2021","62","1",Projet,"104","268"
"6269600",QLM,RECLINGHEM,2.170642250200000,50.575211299899998,588174.174230990000069,2620087.233218499924988,"2021","62","1",Projet,"92","241"
"6270000",QLM,REGNAUVILLE,2.009812474800000,50.314062445700003,576635.844078839989379,2591017.070290000177920,"2021","62","1",Projet,"89","213"
"6270100",QLM,RELY,2.360254058200000,50.572047155699998,601634.616747749969363,2619722.220428199972957,"2021","62","1",Projet,"177","454"
"6270400",QLM,RENTY,2.073624002300000,50.580370893900003,581288.903396119945683,2620681.241975499782711,"2021","62","1",Projet,"244","624"
"6271000",QLM,RIMBOVAL,1.986423049200000,50.508498690800003,575063.525060249958187,2612693.946759600192308,"2021","62","1",Projet,"55","142"
"6271200",QLM,RIVIERE,2.691565027000000,50.233880522600003,625325.349609520053491,2582090.816535400226712,"2021","62","1",Projet,"474","1123"
"6271300",QLM,ROBECQ,2.556552320000000,50.594945868300002,615563.367085890029557,2622296.341974200215191,"2021","62","1",Projet,"550","1359"
"6271700",QLM,ROELLECOURT,2.381693300300000,50.368400326100002,603169.503308219951577,2597024.696358500048518,"2021","62","1",Projet,"219","538"
"6271900",QLM,ROLLANCOURT,2.123909487500000,50.407539062200001,584805.950190010014921,2601406.289621000178158,"2021","62","1",Projet,"112","307"
"6272000",QLM,ROMBLY,2.388885522600000,50.598080119099997,603665.356051080045290,2622625.230796900112182,"2021","62","1",Projet,"19","46"
"6272200",QLM,ROUGEFAY,2.170207642700000,50.273795833599998,588071.936261230031960,2586494.055738999973983,"2021","62","1",Projet,"40","86"
"6272500",QLM,ROYON,1.994865915700000,50.472564028000001,575646.221886349958368,2608686.006326599977911,"2021","62","1",Projet,"51","135"
"6272600",QLM,RUISSEAUVILLE,2.126152936100000,50.480498772099999,584987.580834929947741,2609537.525484499987215,"2021","62","1",Projet,"79","199"
"6272700",QLM,RUITZ,2.587703753600000,50.462747865499999,617820.852948040002957,2607567.270015399903059,"2021","62","1",Projet,"688","1583"
"6273200",QLM,SACHIN,2.377348253800000,50.486910267799999,602853.036784420022741,2610232.724170400295407,"2021","62","1",Projet,"125","345"
"6273500",QLM,SAILLY LABOURSE,2.699059895400000,50.502312689100002,625723.309968660003506,2612007.991853999905288,"2021","62","1",Projet,"897","2336"
"6273700",QLM,SAINS EN GOHELLE,2.684693825700000,50.447404477299997,624729.057615049998276,2605883.418836500030011,"2021","62","1",Projet,"2534","6145"
"6273800",QLM,SAINS LES FRESSIN,2.040721996900000,50.467682976699997,578906.094176920014434,2608128.718653900083154,"2021","62","1",Projet,"65","162"
"6274000",QLM,SAINS LES PERNES,2.359186608100000,50.478883484100002,601561.735855669947341,2609337.545839599799365,"2021","62","1",Projet,"106","292"
"6274100",QLM,SAINT AMAND,2.559509417000000,50.164526255399998,615908.861408189986832,2574328.803404400125146,"2021","62","1",Projet,"57","122"
"6274300",QLM,SAINTE AUSTREBERTHE,2.044697446400000,50.364673473899998,579146.183018499985337,2596647.274665299803019,"2021","62","1",Projet,"180","401"
"6274900",QLM,SAINT GEORGES,2.082798511800000,50.358515080099998,581860.075927690020762,2595951.520355899818242,"2021","62","1",Projet,"131","326"
"6275000",QLM,SAINT HILAIRE COTTES,2.415032138500000,50.570594903200004,605523.661763759911992,2619562.826924100052565,"2021","62","1",Projet,"313","807"
"6276300",QLM,SAINT MICHEL SUR TERNOISE,2.355354753500000,50.376085720600003,601291.835062619997188,2597880.440748900175095,"2021","62","1",Projet,"390","878"
"6276700",QLM,SAINT POL SUR TERNOISE,2.336088944800000,50.380460759800002,599918.741891180048697,2598367.868559399619699,"2021","62","1",Projet,"2369","4971"
"6277000",QLM,SAINT VENANT,2.537264329400000,50.621953587699998,614187.014553389977664,2625303.484713300131261,"2021","62","1",Projet,"1228","3027"
"6277800",QLM,SARS LE BOIS,2.429112102300000,50.295105472400003,606559.169257640023716,2588859.781557799782604,"2021","62","1",Projet,"33","82"
"6278400",QLM,SAULTY,2.530258011300000,50.212381811800000,613802.213386700022966,2579655.230535900220275,"2021","62","1",Projet,"309","765"
"6278500",QLM,SAVY BERLETTE,2.564164517500000,50.352052643599997,616181.700079030008055,2595225.335899500176311,"2021","62","1",Projet,"346","916"
"6279000",QLM,SENLIS,2.155621773500000,50.534637695400001,587097.438369579962455,2615566.818381000310183,"2021","62","1",Projet,"68","163"
"6279100",QLM,SERICOURT,2.314131553200000,50.294442588199999,598351.128151449956931,2588782.322764799930155,"2021","62","1",Projet,"22","54"
"6279300",QLM,SERVINS,2.637177447300000,50.406051063600003,621364.923562980024144,2601260.601368700154126,"2021","62","1",Projet,"394","1093"
"6279500",QLM,SIBIVILLE,2.323256177900000,50.300095528200004,599002.620694129960611,2589412.095141700003296,"2021","62","1",Projet,"42","111"
"6279600",QLM,SIMENCOURT,2.642973408100000,50.258163878399998,621841.867674399982207,2584782.012446799781173,"2021","62","1",Projet,"235","557"
"6279700",QLM,SIRACOURT,2.271549290000000,50.372440980199997,595318.567409000010230,2597476.061869900207967,"2021","62","1",Projet,"104","269"
"6279800",QLM,SOMBRIN,2.500459947400000,50.239176606900003,611665.354334800038487,2582635.958913600072265,"2021","62","1",Projet,"97","240"
"6280100",QLM,SOUCHEZ,2.743683838900000,50.392303383399998,628959.098880360019393,2599762.560941100120544,"2021","62","1",Projet,"1069","2496"
"6280200",QLM,LE SOUICH,2.367835552200000,50.221796597400001,602188.053421210031956,2580687.722950200084597,"2021","62","1",Projet,"61","154"
"6280400",QLM,SUS SAINT LEGER,2.430596640300000,50.237709891300000,606672.741945330053568,2582464.380243699997663,"2021","62","1",Projet,"135","376"
"6280500",QLM,TANGRY,2.353381113100000,50.466019644399999,601149.111274580005556,2607903.657337899785489,"2021","62","1",Projet,"105","252"
"6280800",QLM,TENEUR,2.222846548800000,50.451379447900003,591860.010858829948120,2606277.713067200034857,"2021","62","1",Projet,"103","260"
"6280900",QLM,TERNAS,2.397948358400000,50.342370171500001,604330.441136579960585,2594124.628604600671679,"2021","62","1",Projet,"53","137"
"6281100",QLM,THEROUANNE,2.257931036000000,50.635114762299999,594377.445264669950120,2626755.508121099788696,"2021","62","1",Projet,"480","1115"
"6281300",QLM,LA THIEULOYE,2.433013330400000,50.413156363500001,606821.630482989945449,2602015.873854400590062,"2021","62","1",Projet,"190","493"
"6281400",QLM,THIEVRES,2.453148334800000,50.128900328100002,608302.334361530025490,2570343.262181799858809,"2021","62","1",Projet,"56","123"
"6281600",QLM,TILLOY LES HERMAVILLE,2.556309184000000,50.326785416500002,615629.422867950052023,2592407.993698900099844,"2021","62","1",Projet,"79","223"
"6281800",QLM,TILLY CAPELLE,2.196282596000000,50.440885791800000,589967.503253940027207,2605111.215863400138915,"2021","62","1",Projet,"68","159"
"6282000",QLM,TINCQUES,2.494878072600000,50.357973299800001,611239.891927369986661,2595873.055079000070691,"2021","62","1",Projet,"338","825"
"6282200",QLM,TOLLENT,2.012378324200000,50.276648254400001,576801.708345149992965,2586847.167910799849778,"2021","62","1",Projet,"35","91"
"6282300",QLM,TORCY,2.021391446100000,50.483010002199997,577537.765547410002910,2609842.400633700191975,"2021","62","1",Projet,"69","165"
"6282800",QLM,TRAMECOURT,2.150387916300000,50.465056453000003,586707.155439030029811,2607811.983722100034356,"2021","62","1",Projet,"27","60"
"6283100",QLM,TROISVAUX,2.342447665400000,50.404102517100000,600371.722133029950783,2601002.683768699876964,"2021","62","1",Projet,"111","279"
"6283300",QLM,VACQUERIE LE BOUCQ,2.220372438400000,50.268621435000000,591653.661251339945011,2585911.005263099912554,"2021","62","1",Projet,"36","84"
"6283400",QLM,VACQUERIETTE ERQUIERES,2.077134026600000,50.324341191800002,581443.619089660001919,2592144.536570100113750,"2021","62","1",Projet,"103","253"
"6283500",QLM,VALHUON,2.378809319500000,50.432560819899997,602960.143899359973148,2604175.155923500191420,"2021","62","1",Projet,"232","569"
"6283600",QLM,VAUDRICOURT,2.624596281100000,50.502628531600003,620429.432436650036834,2612021.334004700183868,"2021","62","1",Projet,"392","971"
"6283800",QLM,VAULX,2.096477446900000,50.267608026100000,582804.298462699982338,2585818.213172600604594,"2021","62","1",Projet,"36","90"
"6284100",QLM,VENDIN LES BETHUNE,2.608262353900000,50.543118843599999,619252.666283890022896,2616530.490239500068128,"2021","62","1",Projet,"1063","2443"
"6284300",QLM,VERCHIN,2.181607455400000,50.498171343099997,588935.578341690008529,2611498.129480000119656,"2021","62","1",Projet,"102","241"
"6284400",QLM,VERCHOCQ,2.048439832000000,50.555669692800002,579491.183197019970976,2617934.020418399944901,"2021","62","1",Projet,"265","645"
"6284700",QLM,VERQUIGNEUL,2.662321835000000,50.502119853600000,623111.628369039972313,2611975.084890199825168,"2021","62","1",Projet,"687","1929"
"6284800",QLM,VERQUIN,2.641106942100000,50.505864241300003,621601.804208870045841,2612386.409809600096196,"2021","62","1",Projet,"1452","3452"
"6285000",QLM,VIEIL HESDIN,2.102566679200000,50.359464349100001,583269.781467000022531,2596052.923393299803138,"2021","62","1",Projet,"155","356"
"6285400",QLM,VILLERS AU BOIS,2.671701222600000,50.374125711799998,623839.133590069948696,2597712.582806000020355,"2021","62","1",Projet,"205","568"
"6285600",QLM,VILLERS BRA<C2><B0>LIN,2.536120654800000,50.368345897600001,614177.433030069922097,2597035.671980599872768,"2021","62","1",Projet,"147","365"
"6285700",QLM,VILLERS CHATEL,2.585161781700000,50.376163876000000,617670.436171669978648,2597916.871828500181437,"2021","62","1",Projet,"51","135"
"6285900",QLM,VILLERS L'HOPITAL,2.212211396300000,50.228682664499999,591063.691495349979959,2581461.671492699999362,"2021","62","1",Projet,"109","265"
"6286000",QLM,VILLERS SIR SIMON,2.491740836700000,50.317489170000002,611025.085648600012064,2591361.103440499864519,"2021","62","1",Projet,"49","118"
"6286200",QLM,VINCLY,2.171524477100000,50.558144741900001,588232.791628789971583,2618184.644770899787545,"2021","62","1",Projet,"71","158"
"6286800",QLM,WAIL,2.125863438900000,50.344985209199997,584926.376215090043843,2594434.643567699939013,"2021","62","1",Projet,"115","262"
"6287100",QLM,WAMBERCOURT,2.026443921300000,50.429236917399997,577873.395182810025290,2603847.660460799466819,"2021","62","1",Projet,"99","245"
"6287200",QLM,WAMIN,2.057732675100000,50.413319448099998,580094.704765810049139,2602065.284762700553983,"2021","62","1",Projet,"100","237"
"6287400",QLM,WANQUETIN,2.615896635500000,50.276483388000003,619900.318475220003165,2586816.134828700218350,"2021","62","1",Projet,"285","719"
"6287700",QLM,WARLINCOURT LES PAS,2.502521800700000,50.180835537500002,611826.375708819949068,2576135.856699299998581,"2021","62","1",Projet,"73","174"
"6287800",QLM,WARLUS,2.668493226800000,50.276092339199998,623656.531554499990307,2586787.134156700223684,"2021","62","1",Projet,"159","377"
"6287900",QLM,WARLUZEL,2.468994190800000,50.227317863600000,609418.858715230016969,2581310.388547100126743,"2021","62","1",Projet,"93","232"
"6288100",QLM,BEAUVOIR WAVANS,2.166149911000000,50.215893827099997,587768.105314380023628,2580042.908832000102848,"2021","62","1",Projet,"175","380"
"6288300",QLM,WAVRANS SUR TERNOISE,2.297542108100000,50.413839535699999,597173.574275559978560,2602088.570464900229126,"2021","62","1",Projet,"81","201"
"6288500",QLM,WESTREHEM,2.345367569700000,50.546401611900002,600578.069399599917233,2616863.254457199946046,"2021","62","1",Projet,"89","244"
"6289000",QLM,WILLEMAN,2.156449518600000,50.353990048900002,587109.937544079963118,2595432.706236300058663,"2021","62","1",Projet,"85","188"
"6289100",QLM,WILLENCOURT,2.086191599500000,50.240718098999999,582060.063984800013714,2582824.256366100162268,"2021","62","1",Projet,"58","134"
"6290000",QLM,WITTERNESSE,2.364766593300000,50.612667984500000,601953.390719859977253,2624250.607793199829757,"2021","62","1",Projet,"236","587"
"8000500",QLM,AGENVILLE,2.101237520200000,50.164848151800001,583109.908192440052517,2574367.528148099780083,"2021","80","1",Projet,"38","91"
"8004200",QLM,AUTHEUX,2.230683408500000,50.142570478600000,592371.069781580008566,2571865.313647999893874,"2021","80","1",Projet,"48","120"
"8004400",QLM,AUTHIEULE,2.371591358400000,50.140371066999997,602460.522593370056711,2571615.640713700093329,"2021","80","1",Projet,"169","409"
"8005500",QLM,BARLY,2.272592071400000,50.201203468800003,595377.201280680019408,2578394.685099999886006,"2021","80","1",Projet,"72","177"
"8006000",QLM,BEALCOURT,2.185413121800000,50.204396504199998,589142.918037689989433,2578759.037937599699944,"2021","80","1",Projet,"44","104"
"8008500",QLM,BERNATRE,2.091980010000000,50.197909459300000,582458.837471019942313,2578053.133696900215000,"2021","80","1",Projet,"16","32"
"8010800",QLM,BOISBERGUES,2.229831245600000,50.154531106100002,592311.873760089976713,2573197.959942299872637,"2021","80","1",Projet,"34","78"
"8010900",QLM,LE BOISLE,1.984129285600000,50.272225704599997,574782.183373430045322,2586363.067906900309026,"2021","80","1",Projet,"169","363"
"8011800",QLM,BOUFFLERS,2.020822629300000,50.262357279100002,577398.320381950004958,2585252.285977299790829,"2021","80","1",Projet,"54","122"
"8012200",QLM,BOUQUEMAISON,2.338300028200000,50.213242738900000,600076.568955010036007,2579734.208460399881005,"2021","80","1",Projet,"208","503"
"8014000",QLM,BREVILLERS,2.377222836100000,50.215757972600002,602859.493566200020723,2580015.187043500132859,"2021","80","1",Projet,"39","108"
"8025300",QLM,DOULLENS,2.343943243700000,50.157802764000003,600480.599067150033079,2573557.235180700197816,"2021","80","1",Projet,"2738","6106"
"8036900",QLM,FROHEN SUR AUTHIE,2.206450704100000,50.200917930000003,590646.768456039950252,2578368.750925499945879,"2021","80","1",Projet,"90","233"
"8037700",QLM,GEZAINCOURT,2.320596781500000,50.144019329400003,598809.115363619988784,2572021.688056000042707,"2021","80","1",Projet,"157","428"
"8039200",QLM,GROUCHES LUCHUEL,2.379711927500000,50.179233615299999,603039.659830100019462,2575945.761495599988848,"2021","80","1",Projet,"234","586"
"8039600",QLM,GUESCHART,2.013635940800000,50.240042655800004,576874.724027890013531,2582767.949430999811739,"2021","80","1",Projet,"136","335"
"8042700",QLM,HEM HARDINVAL,2.298068235200000,50.161493551400000,597197.033645350020379,2573969.118723500054330,"2021","80","1",Projet,"128","363"
"8043900",QLM,HEUZECOURT,2.165629216700000,50.173040383400000,587720.452237559948117,2575268.317218299955130,"2021","80","1",Projet,"75","169"
"8044000",QLM,HIERMONT,2.076270525500000,50.195467691899999,581334.335478330031037,2577784.693623700179160,"2021","80","1",Projet,"63","150"
"8044500",QLM,HUMBERCOURT,2.454414335200000,50.209973906999998,608379.540072969975881,2579376.237147699575871,"2021","80","1",Projet,"110","268"
"8049100",QLM,LONGUEVILLETTE,2.273477984400000,50.129007137300000,595434.036848330055363,2570350.891259700059891,"2021","80","1",Projet,"30","77"
"8049500",QLM,LUCHEUX,2.409433436600000,50.196670039099999,605164.461452340008691,2577890.043824700172991,"2021","80","1",Projet,"241","534"
"8050100",QLM,MAISON PONTHIEU,2.043596832600000,50.208086863699997,579002.537726680049673,2579198.956136799883097,"2021","80","1",Projet,"106","274"
"8050300",QLM,MAIZICOURT,2.121914898100000,50.196770128300003,584599.542272999999113,2577919.917719199787825,"2021","80","1",Projet,"83","192"
"8052600",QLM,LE MEILLARD,2.195662973200000,50.171347923900001,589869.300328689976595,2575075.469132599886507,"2021","80","1",Projet,"61","154"
"8054400",QLM,MEZEROLLES,2.236061222200000,50.187905696900003,592762.635253280051984,2576915.818631900008768,"2021","80","1",Projet,"79","188"
"8056300",QLM,MONTIGNY LES JONGLEURS,2.133742907900000,50.180433345399997,585440.832066579954699,2576097.456598700024188,"2021","80","1",Projet,"43","95"
"8058900",QLM,NEUILLY LE DIEN,2.046584725300000,50.224523017000003,579222.971079759998247,2581029.497629399877042,"2021","80","1",Projet,"39","96"
"8059600",QLM,NEUVILLETTE,2.320668154500000,50.208477569499998,598815.738912330009043,2579203.391878800000995,"2021","80","1",Projet,"85","222"
"8060200",QLM,OCCOCHES,2.270995214900000,50.174837326999999,595260.519740559975617,2575457.117906999774277,"2021","80","1",Projet,"48","127"
"8061400",QLM,OUTREBOIS,2.255542566800000,50.174477803099997,594154.738614490022883,2575418.101641399785876,"2021","80","1",Projet,"120","312"
"8066600",QLM,REMAISNIL,2.244089507500000,50.199721206299998,593338.523454410023987,2578231.577911300119013,"2021","80","1",Projet,"13","29"
"8069700",QLM,SAINT ACHEUL,2.163164594900000,50.189383092200003,587548.118746720021591,2577089.557441600132734,"2021","80","1",Projet,"11","27"
"8081000",QLM,VITZ SUR AUTHIE,2.058856774800000,50.253674797499997,580111.752206759992987,2584274.542629499919713,"2021","80","1",Projet,"55","127"
